ax,ay,az,gx,gy,gz,mx,my,mz,timestamp
-2.22,9.16,-2.36,0.09,0.28,-0.02,21.05,-10.55,-64.73,5929
-2.67,9.16,-2.34,0.07,0.28,-0.02,20.29,-10.35,-64.72,5963
-2.72,9.17,-1.99,-0.06,0.01,0.05,20.18,-10.35,-65.20,5998
-2.35,9.27,-2.37,-0.28,-0.52,0.20,20.32,-10.52,-65.54,6032
-3.17,7.14,-2.57,-0.59,-0.92,0.37,19.75,-10.89,-66.25,6066
-2.77,9.40,-1.75,-0.23,-0.47,0.18,19.41,-11.77,-66.59,6100
-2.59,7.98,-2.03,-0.20,-0.35,-0.29,18.06,-11.09,-67.67,6134
-3.71,7.53,-4.02,0.27,-0.95,-0.39,17.23,-11.21,-67.92,6168
-2.37,9.25,-1.76,1.13,-2.37,-0.10,14.67,-12.44,-70.07,6203
2.80,11.29,-1.19,1.20,-2.47,0.14,10.55,-14.43,-71.50,6237
-0.70,12.05,2.11,0.04,0.27,-0.46,9.65,-14.82,-71.86,6271
-2.67,8.15,-3.73,-0.01,0.22,-0.19,9.78,-14.37,-71.82,6305
1.47,8.64,-4.27,0.19,-0.57,0.19,9.16,-14.31,-72.70,6339
0.30,10.86,-0.95,0.13,-0.51,0.30,8.11,-15.04,-72.76,6374
-1.78,9.77,-0.60,-0.29,0.13,-0.08,8.37,-15.11,-71.73,6408
-3.03,9.94,-1.33,-0.46,0.71,-0.39,8.67,-14.98,-72.60,6442
-4.94,5.88,-1.54,-0.45,0.90,-0.78,9.68,-13.83,-71.72,6476
-3.72,8.34,-2.60,-0.43,0.60,-0.53,9.92,-13.08,-72.20,6510
-5.66,5.60,-2.92,0.04,0.01,-0.50,9.69,-13.14,-72.39,6544
-3.10,9.67,0.34,0.32,-0.58,-0.27,9.16,-13.74,-72.67,6579
-1.95,8.73,0.79,0.03,-0.08,-0.63,8.96,-13.88,-71.97,6613
-2.47,10.07,-2.21,-0.04,0.40,-0.45,9.12,-13.67,-72.13,6647
-3.36,9.58,-1.89,0.01,0.13,-0.19,9.34,-14.25,-72.32,6681
-3.93,8.13,-1.24,-0.11,0.25,0.04,8.99,-14.15,-72.41,6715
-5.43,6.73,-3.56,-0.11,0.23,0.30,9.25,-13.90,-72.03,6750
-6.10,7.96,-3.34,-0.19,0.39,0.40,9.35,-14.47,-72.01,6784
-7.62,6.90,-2.64,-0.42,0.42,0.37,9.92,-13.39,-71.91,6818
-7.34,6.95,-2.47,-0.48,0.02,0.12,9.72,-13.15,-71.60,6852
-4.61,7.79,-3.06,-0.54,-0.16,0.05,9.34,-12.95,-71.09,6886
-3.14,8.38,-2.58,-0.51,-0.27,-0.03,8.32,-12.42,-71.40,6920
-2.77,8.72,-1.86,-0.46,-0.25,-0.28,7.45,-11.49,-71.79,6955
-4.68,8.16,-2.10,-0.47,-0.29,-0.57,7.12,-11.27,-71.72,6989
-3.44,8.15,-3.11,-0.42,-0.29,-0.74,6.36,-11.03,-71.89,7023
-5.52,8.32,0.68,-0.38,-0.33,-0.53,6.20,-10.16,-71.66,7057
-6.18,9.37,-0.92,-0.50,-0.47,-0.49,5.14,-10.01,-71.92,7091
-1.39,13.42,-2.62,-0.66,-0.97,-0.04,2.85,-8.77,-72.08,7125
4.75,13.60,-4.71,-0.97,-1.43,0.05,1.72,-7.28,-71.51,7160
3.52,16.62,-5.25,-1.33,-1.44,0.73,-1.14,-5.04,-70.65,7194
-0.67,17.03,-8.06,-0.94,-2.20,0.81,-3.36,-4.43,-70.24,7228
1.11,12.27,-5.14,-1.47,-3.19,0.44,-6.84,-2.48,-68.27,7262
-6.48,8.57,-12.93,-0.48,0.74,-2.25,-8.20,-1.93,-67.58,7296
-2.08,7.76,-1.41,-1.06,3.03,-2.10,-7.91,-1.11,-67.20,7331
-3.74,4.75,-3.66,-1.25,3.79,-1.59,-5.85,0.70,-66.09,7365
-8.81,1.52,-3.99,-0.84,3.64,-0.25,-1.75,1.64,-65.95,7399
-7.77,2.20,-1.73,-0.41,2.83,0.52,1.43,2.48,-64.88,7433
-6.91,3.51,-1.73,-0.38,2.29,1.11,5.45,2.78,-63.99,7467
-6.42,4.91,-0.15,-0.51,2.64,1.37,8.64,2.70,-63.78,7501
-7.40,6.32,-1.35,-0.55,3.60,1.15,12.89,2.59,-62.58,7536
-7.86,6.67,-3.47,-0.69,3.53,1.19,18.69,1.86,-60.20,7570
-8.19,5.75,-3.66,-0.27,2.97,1.21,22.79,1.49,-56.87,7604
-8.29,5.68,-3.40,0.29,2.40,1.37,26.07,-0.99,-54.68,7638
-8.14,6.35,-3.49,0.91,1.40,1.77,28.60,-3.29,-54.53,7672
-7.24,7.80,-2.85,1.21,0.77,1.95,30.59,-6.40,-54.03,7707
-5.68,9.29,-2.09,1.34,0.20,1.92,31.98,-9.82,-54.55,7741
-5.10,10.77,-0.68,1.08,0.21,1.52,33.15,-13.01,-53.95,7775
-3.80,11.22,-0.76,0.76,0.48,0.95,33.59,-14.34,-53.24,7809
-4.06,10.08,-0.44,0.20,0.83,0.13,34.29,-15.62,-52.35,7843
-5.23,8.58,-1.30,0.01,0.77,-0.40,34.87,-15.55,-51.33,7877
-5.14,7.86,-1.45,0.08,0.33,-0.59,35.24,-15.57,-50.75,7912
-15.95,8.75,-13.47,0.76,-0.14,-1.01,34.87,-15.51,-50.28,7946
0.85,7.42,0.21,-0.35,-0.76,-1.89,33.53,-14.50,-53.26,7980
-3.79,6.81,-0.61,-0.45,1.25,-2.06,34.07,-12.25,-50.98,8014
-2.54,10.66,-3.37,-0.29,-0.01,-0.23,34.48,-11.52,-51.20,8048
-2.91,8.68,-3.94,-0.32,0.03,-0.26,33.84,-12.25,-51.21,8083
-4.72,6.33,-4.99,-0.55,-0.18,-0.12,33.54,-11.87,-51.36,8117
-5.68,6.44,-4.14,-0.14,-0.10,-0.11,33.13,-12.07,-52.03,8151
-6.14,7.77,-3.68,-0.05,-0.41,-0.08,32.77,-12.80,-52.12,8185
-6.18,7.81,-1.75,-0.15,-0.51,0.15,31.58,-13.20,-53.52,8219
-2.98,8.96,-3.34,-0.29,-0.20,0.37,30.91,-13.36,-54.12,8253
-4.75,7.58,-3.65,-0.23,-0.11,0.50,29.92,-13.58,-55.16,8288
-4.08,8.16,-3.04,-0.15,-0.54,0.53,29.29,-14.07,-55.71,8322
-2.58,9.01,-2.06,-0.27,-0.26,0.08,28.22,-13.58,-56.33,8356
-5.92,6.93,-3.22,-0.37,-0.51,-0.11,27.20,-13.87,-57.88,8390
-1.25,6.22,-3.10,-0.44,-0.27,-0.37,26.56,-12.89,-58.39,8424
-2.55,10.87,-3.88,-0.38,-0.31,0.05,25.64,-12.32,-59.18,8458
-1.71,9.80,-2.17,-0.15,-0.83,-0.02,24.85,-11.87,-59.95,8493
-3.37,9.85,-1.51,-0.22,-0.80,0.10,23.72,-11.69,-61.44,8527
-0.40,12.21,0.66,-0.12,-1.11,0.30,22.46,-10.79,-62.70,8561
-0.62,14.36,-0.52,-0.19,-1.12,0.73,21.73,-10.57,-64.09,8595
0.86,12.24,-0.31,-0.86,-0.71,0.48,20.29,-9.41,-64.75,8629
1.72,14.79,-2.71,-0.67,-1.38,1.27,19.38,-9.47,-65.61,8664
-5.95,8.66,-7.14,-0.91,-1.37,2.26,18.49,-9.88,-65.96,8698
-11.10,2.96,-12.46,-1.12,-1.96,1.92,17.45,-9.70,-66.76,8732
-7.77,7.11,-6.35,0.03,0.39,0.98,18.01,-10.74,-67.25,8766
-5.37,5.67,-4.82,-0.16,1.50,0.45,19.38,-11.60,-65.92,8800
-5.26,3.79,-5.99,-0.21,1.47,0.44,21.40,-12.22,-64.82,8834
-9.50,2.43,-6.23,0.62,0.73,0.57,22.38,-12.79,-64.60,8869
-16.28,-0.85,-12.90,2.47,-3.04,1.35,20.45,-17.01,-66.02,8903
-6.63,6.14,-5.60,4.34,-7.64,2.77,12.50,-23.75,-70.77,8937
5.60,12.44,-6.98,4.87,-9.01,3.45,0.77,-30.75,-71.41,8971
-16.92,21.85,16.69,3.28,-6.27,1.65,-11.28,-36.77,-67.85,9005
-1.57,11.79,-3.26,2.23,-5.41,1.48,-18.17,-39.11,-64.44,9040
-4.02,12.44,-1.86,-0.30,-0.32,-0.89,-20.94,-39.04,-62.28,9074
-10.52,6.48,-5.52,-0.13,-0.31,-0.54,-20.67,-40.12,-61.90,9108
-6.63,5.26,-6.78,-0.13,-1.78,0.17,-22.16,-39.42,-60.38,9142
-3.49,7.36,-6.20,0.59,-1.95,0.38,-24.28,-39.55,-57.76,9176
-1.35,8.09,-6.55,0.46,-1.96,0.47,-26.15,-39.59,-55.66,9210
2.32,15.09,-9.29,0.90,-3.43,1.42,-28.90,-38.79,-52.18,9245
1.02,10.21,-7.38,2.03,-2.81,2.47,-31.73,-37.18,-47.47,9279
-4.13,-1.15,-10.70,1.92,-3.01,2.60,-34.07,-35.50,-43.12,9313
-8.24,3.41,-5.02,3.44,-3.79,2.96,-36.07,-32.51,-36.48,9347
-6.74,7.42,-3.09,2.84,0.32,1.18,-36.38,-30.28,-34.99,9381
-6.86,7.60,-4.39,0.77,2.93,0.08,-35.88,-30.31,-37.65,9416
-9.57,6.14,-5.18,-0.28,2.92,-1.04,-34.70,-30.06,-41.46,9450
-10.49,7.47,-4.22,-0.37,1.70,-1.66,-33.37,-31.42,-43.15,9484
-8.47,10.47,-0.45,-1.08,1.94,-3.07,-31.79,-32.72,-45.78,9518
-6.74,10.60,-0.94,-2.65,3.22,-4.63,-28.00,-35.25,-49.68,9552
-6.75,5.11,5.83,-3.57,3.05,-4.68,-24.63,-35.68,-54.68,9586
-33.26,4.08,-6.49,-3.21,2.32,-3.77,-19.92,-36.66,-59.40,9621
-4.14,5.54,-13.60,-2.80,3.32,-2.69,-17.52,-35.06,-61.39,9655
13.72,6.86,8.11,0.03,-2.22,-1.34,-16.09,-35.68,-62.07,9689
-8.77,5.76,1.16,0.36,-0.71,-1.24,-15.61,-36.98,-62.34,9723
-8.05,6.25,-3.03,0.70,-1.38,-0.35,-17.29,-37.94,-61.11,9757
-10.77,2.70,-6.31,1.01,-1.87,0.65,-19.54,-38.12,-58.58,9791
-12.13,7.57,-9.76,0.94,-1.47,1.48,-22.45,-37.78,-57.48,9826
-10.58,14.64,-13.34,-0.11,-1.01,1.46,-24.22,-36.42,-56.72,9860
1.17,26.15,-16.16,-1.17,-0.49,-0.09,-25.64,-35.09,-57.19,9894
1.75,6.07,-2.26,-2.17,-0.63,-3.51,-25.15,-36.23,-58.55,9928
19.41,2.29,-0.89,-2.84,7.49,-5.42,-18.75,-37.34,-62.61,9962
26.01,0.31,2.57,-5.48,10.89,-2.01,-2.92,-33.38,-68.28,9997
1.13,7.40,-8.77,-6.95,10.24,0.37,9.35,-25.26,-68.58,10031
-5.86,-0.14,39.20,-3.03,4.11,-1.64,20.27,-20.49,-65.20,10065
-38.85,12.73,-11.51,-2.36,3.70,-0.47,22.77,-17.93,-63.71,10099
-22.57,10.24,-13.11,0.02,1.53,-1.56,24.32,-18.01,-62.29,10133
0.00,-0.68,-10.32,-1.97,1.05,-2.06,24.77,-14.41,-62.15,10167
-14.19,16.86,8.14,-1.47,0.29,0.34,26.66,-12.82,-60.87,10202
5.35,18.96,0.07,-2.23,1.27,-3.33,27.08,-7.69,-58.52,10236
10.85,15.34,-14.94,-1.75,0.38,-0.19,28.57,-4.25,-55.33,10270
-6.53,11.69,1.18,-2.16,1.00,-0.33,29.54,-3.00,-53.07,10304
-5.56,-3.68,-0.86,-2.05,0.81,-1.05,29.77,-0.94,-49.61,10338
-11.09,6.42,-2.73,-0.13,-0.36,0.32,30.44,-0.96,-49.44,10373
-8.66,8.18,-2.33,-0.04,-0.83,0.67,30.50,-2.02,-50.37,10407
-6.06,9.49,-6.32,-0.42,-0.62,1.01,30.75,-2.82,-51.04,10441
1.75,16.30,-3.98,-1.11,-1.34,2.34,29.86,-5.61,-52.12,10475
4.12,17.17,2.93,-0.84,-3.01,3.70,28.69,-9.60,-54.94,10509
-0.93,11.14,-12.93,0.50,-6.95,4.52,24.04,-14.82,-62.66,10543
-33.16,-13.37,-29.87,4.17,-11.08,2.89,14.31,-21.22,-68.90,10578
-6.04,-1.63,-8.96,5.66,-7.74,1.12,-0.28,-29.54,-70.55,10612
-21.53,-16.67,-12.88,5.12,-4.12,0.35,-6.08,-36.07,-67.98,10646
39.16,7.60,6.03,5.49,-9.11,0.33,-13.71,-42.74,-61.37,10680
21.88,39.16,-39.16,-0.21,5.71,-1.95,-8.94,-43.07,-62.89,10714
35.07,3.90,9.64,-0.85,-2.76,-2.96,-4.60,-43.45,-63.12,10749
-17.86,27.07,-13.20,0.86,0.82,-0.59,-2.89,-43.55,-62.42,10783
-9.42,19.47,7.95,-1.10,0.11,-0.24,-4.34,-43.23,-63.01,10817
-7.88,1.16,-5.23,-2.17,1.06,-0.65,-3.90,-40.22,-64.07,10851
-10.68,3.77,-3.63,-1.30,-0.23,0.30,-4.12,-37.71,-65.45,10885
-9.26,2.13,-5.85,-0.31,-2.16,-0.54,-6.04,-36.66,-65.87,10919
-9.02,1.96,-16.83,0.71,-1.76,-0.15,-8.77,-37.39,-65.00,10954
-11.35,5.28,-12.81,1.24,-2.09,0.92,-11.59,-37.50,-63.78,10988
-13.13,18.38,-18.96,0.42,-1.89,0.78,-14.89,-36.96,-62.13,11022
-1.46,31.41,-20.53,0.01,-2.44,-0.67,-18.65,-36.26,-60.89,11056
5.05,6.85,1.71,-2.25,-0.94,-5.18,-18.91,-36.76,-61.40,11090
25.44,15.63,11.72,-4.41,8.61,-5.94,-10.32,-37.39,-65.11,11125
28.24,6.45,4.30,-5.49,11.14,-2.96,5.29,-32.07,-65.93,11159
-3.06,10.23,-4.06,-7.47,9.36,1.43,14.92,-24.58,-63.33,11193
-39.20,-5.79,-32.00,-3.45,6.83,-0.55,22.93,-19.54,-59.05,11227
-19.13,21.89,-29.99,-1.11,1.00,1.38,23.49,-18.71,-57.60,11261
-29.62,3.14,-8.98,1.97,-0.94,-0.98,23.28,-21.16,-59.06,11295
-11.11,15.26,-3.34,1.39,-0.83,0.21,20.78,-23.76,-60.52,11330
-7.86,13.35,-1.32,-0.34,-0.58,1.18,19.64,-24.74,-61.90,11364
-11.94,-2.03,-9.53,-0.87,-1.33,1.14,17.71,-24.41,-63.18,11398
-9.57,7.93,-2.53,-0.69,-1.77,1.66,15.23,-25.02,-64.00,11432
-4.53,12.37,0.84,-0.27,-2.05,0.54,12.53,-24.69,-65.43,11466
-1.10,15.57,-4.16,-1.82,0.49,-1.75,11.78,-22.68,-65.64,11500
6.84,7.18,-4.85,-3.48,1.96,-2.93,13.01,-18.31,-65.02,11535
-3.25,4.35,9.43,-5.41,5.28,-2.36,16.25,-10.98,-61.21,11569
-7.90,7.47,-13.31,-4.54,4.85,-1.67,20.59,-5.35,-55.63,11603
-14.71,-0.46,-19.98,-1.17,1.92,-1.60,21.75,-3.01,-52.53,11637
-5.14,7.41,0.38,0.82,-0.74,-0.47,20.65,-2.92,-53.90,11671
-7.90,9.06,-3.62,0.01,-0.59,-0.34,19.37,-2.28,-55.79,11706
-4.25,11.75,-6.34,-0.12,-0.96,0.80,18.74,-2.38,-56.83,11740
-4.85,13.84,-7.81,-0.24,-2.76,2.53,17.85,-3.65,-58.64,11774
1.07,17.84,-3.24,0.16,-5.02,3.89,14.76,-5.03,-61.66,11808
14.00,2.62,-26.95,2.10,-9.15,4.82,6.55,-8.49,-66.21,11842
-11.69,-18.68,-35.69,5.73,-12.58,2.34,-6.27,-14.03,-68.49,11876
0.26,1.09,-4.41,6.39,-6.76,0.19,-17.16,-20.84,-66.78,11911
-8.52,-3.31,2.60,5.96,-6.93,0.64,-23.37,-28.82,-61.82,11945
19.80,39.16,-0.61,2.02,1.59,-1.09,-29.26,-31.96,-57.00,11979
2.76,19.36,1.54,-0.62,-0.55,-2.91,-26.38,-34.00,-58.23,12013
1.35,23.35,2.72,-0.73,-0.23,0.39,-27.19,-34.33,-57.83,12047
-7.84,14.67,7.81,-1.50,0.10,0.97,-27.90,-32.49,-58.49,12082
-7.47,4.55,-7.87,-1.38,0.42,0.72,-28.35,-29.95,-58.58,12116
-6.17,8.03,-4.71,-0.95,0.22,1.73,-28.87,-27.54,-59.08,12150
-3.94,11.08,-4.57,-1.45,1.24,1.77,-28.50,-25.21,-60.10,12184
-7.61,7.55,-16.71,-1.82,4.39,-0.29,-25.08,-23.65,-64.03,12218
14.45,26.91,-12.54,-1.64,6.67,-5.69,-17.74,-24.69,-67.99,12252
6.32,-0.21,-8.68,-0.72,7.92,-6.24,-6.66,-25.27,-69.51,12287
13.51,6.27,10.84,0.10,0.19,1.58,-4.36,-24.98,-69.77,12321
-3.19,10.66,18.08,0.31,1.31,1.60,-3.20,-24.89,-70.17,12355
-18.30,39.16,-3.65,-0.92,0.56,-0.61,-3.79,-24.22,-70.36,12389
8.63,14.31,-5.96,-1.01,-0.65,-1.17,-4.52,-22.74,-70.39,12423
-2.96,16.63,-0.64,-1.06,-0.19,1.14,-6.01,-21.19,-70.70,12458
4.68,16.14,6.59,-3.73,0.20,1.98,-6.61,-16.24,-71.59,12492
-1.72,14.37,-21.33,-4.50,4.95,0.62,-2.40,-11.33,-70.84,12526
0.22,18.28,-21.11,-6.27,5.10,0.82,5.95,-4.09,-66.16,12560
-8.16,1.40,-24.69,-1.99,3.23,0.57,10.68,-1.42,-63.15,12594
-4.90,-1.56,-15.13,1.41,-3.01,3.82,11.79,-2.63,-64.32,12628
-1.85,4.52,-10.53,3.07,-4.48,4.62,8.17,-7.92,-67.52,12663
-7.90,4.08,-7.91,4.37,-7.01,5.16,2.08,-12.85,-70.77,12697
-2.06,10.59,-3.88,5.05,-7.97,4.29,-9.57,-19.26,-71.28,12731
8.50,14.07,2.97,3.57,-5.68,1.97,-18.20,-23.69,-68.88,12765
4.39,13.63,6.85,0.88,-1.63,-0.19,-21.63,-25.68,-67.58,12799
-0.62,12.22,1.78,-0.61,0.07,-1.03,-22.74,-26.29,-68.17,12833
-11.17,9.24,-2.34,-0.72,0.05,-1.46,-22.08,-27.30,-67.76,12868
-11.75,5.98,-4.88,-0.15,-1.44,-1.96,-23.03,-28.91,-67.63,12902
-0.83,6.88,-4.01,0.26,-1.43,-3.07,-23.52,-32.05,-64.76,12936
-0.80,32.64,-26.91,1.80,1.61,-5.68,-20.51,-35.66,-65.62,12970
12.75,24.63,-5.48,0.84,-1.72,-0.86,-20.64,-38.03,-63.61,13004
4.52,15.32,-3.72,-0.13,-0.34,0.03,-20.72,-39.40,-63.55,13039
3.15,6.38,1.86,-1.34,-0.45,0.03,-21.65,-38.32,-63.27,13073
-6.25,6.10,-6.49,-0.63,0.24,0.96,-22.35,-37.09,-63.29,13107
-1.44,15.21,4.18,-0.68,-1.43,1.25,-24.61,-35.56,-61.88,13141
-0.45,13.82,-3.33,-0.56,-0.46,1.78,-26.05,-30.55,-61.14,13175
-1.82,14.28,4.15,-1.31,-0.91,2.36,-28.65,-30.25,-61.27,13209
-20.60,13.18,-3.89,-1.04,1.96,0.94,-28.38,-27.64,-62.99,13244
-2.54,-0.34,-12.19,-3.26,2.91,0.38,-26.85,-23.98,-64.67,13278
-16.59,10.72,-4.16,-4.16,4.13,-2.46,-22.86,-21.59,-68.46,13312
-17.14,-7.29,-13.46,-3.23,4.74,-5.50,-16.30,-19.50,-70.67,13346
-11.04,-8.52,-11.00,-0.97,1.49,-4.08,-13.97,-19.72,-71.86,13380
-5.96,-1.93,-8.03,2.19,-1.90,-1.35,-15.76,-22.79,-71.27,13415
-10.08,38.52,-10.68,5.81,-4.25,0.27,-22.41,-28.59,-67.22,13449
14.15,19.11,-11.08,4.16,-6.27,2.21,-28.69,-30.56,-60.03,13483
13.70,14.53,-8.72,3.23,-5.34,0.26,-33.08,-32.56,-54.47,13517
8.33,11.86,-11.74,1.21,-0.71,0.20,-34.86,-33.51,-51.99,13551
3.87,12.00,-6.68,1.59,-1.29,0.76,-36.12,-33.25,-49.75,13585
-3.99,11.84,-1.45,1.41,-2.44,0.91,-38.26,-33.43,-46.95,13620
1.35,11.50,1.03,1.25,-2.33,1.47,-39.58,-32.05,-42.31,13654
1.32,13.13,-2.42,0.55,-0.95,0.91,-40.84,-31.09,-39.99,13688
1.03,11.30,-5.22,0.37,-0.69,0.67,-41.92,-29.93,-38.44,13722
1.94,10.21,-7.10,0.09,-0.65,0.59,-42.01,-29.00,-37.27,13756
0.87,12.16,-5.00,-0.17,-0.14,0.63,-42.47,-28.53,-37.53,13791
-1.88,11.36,-2.78,-0.54,-0.11,0.93,-42.43,-27.27,-37.07,13825
4.28,14.47,-1.89,-1.31,0.43,0.55,-42.56,-26.60,-37.33,13859
-6.34,7.41,-12.51,-1.99,2.53,-0.77,-41.71,-28.12,-41.80,13893
2.41,2.44,-9.30,-2.77,3.02,-0.58,-40.46,-28.56,-45.95,13927
-2.67,7.79,-4.69,-5.67,7.74,-2.42,-37.14,-28.65,-54.65,13961
-8.65,3.51,-13.91,-4.84,9.25,-3.74,-25.53,-27.74,-65.20,13996
-7.34,2.49,-11.51,-3.62,7.44,-2.90,-16.05,-25.34,-70.75,14030
-6.67,3.91,-7.19,-2.04,5.19,-1.42,-9.34,-22.42,-72.19,14064
-3.20,5.18,-3.51,-1.04,3.95,-0.17,-2.75,-20.96,-71.67,14098
-3.22,7.29,-0.37,-0.75,4.68,0.14,2.89,-20.45,-71.94,14132
-5.70,8.81,1.63,-1.63,6.01,0.05,10.98,-18.90,-68.66,14166
-9.77,5.32,-2.89,-1.96,4.90,0.31,17.38,-16.84,-66.08,14201
-11.70,-0.11,-1.29,-1.51,3.07,0.64,21.59,-15.57,-62.41,14235
-32.72,-1.04,-6.68,-0.95,3.44,-2.76,23.44,-13.65,-61.17,14269
-2.58,4.50,-1.40,-1.11,1.08,-0.52,23.43,-12.17,-60.76,14303
-2.69,10.78,-6.00,-0.33,0.09,-0.38,24.14,-11.87,-60.04,14337
-3.93,10.10,-3.52,-0.23,-0.03,-0.27,23.94,-11.84,-60.41,14372
-3.49,8.66,-3.39,-0.35,-0.20,-0.08,23.91,-11.33,-60.26,14406
-3.28,8.09,-3.44,-0.13,-0.25,0.02,23.12,-11.87,-60.86,14440
-3.33,8.97,-1.29,0.22,-0.80,0.43,22.92,-13.10,-61.09,14474
-1.30,10.25,0.97,-0.17,-0.34,0.41,22.20,-13.33,-62.51,14508
-4.80,9.13,-0.49,-0.68,0.56,0.01,22.62,-14.24,-61.72,14542
-2.61,9.20,-3.20,-0.89,0.75,0.05,23.47,-13.99,-61.27,14577
-1.47,8.35,-4.76,-1.26,1.09,-0.09,23.97,-13.52,-60.41,14611
-0.14,9.42,-6.09,-1.35,1.60,-0.57,24.57,-12.23,-59.53,14645
-0.75,10.24,-2.46,-1.75,2.35,-1.20,26.00,-10.70,-57.10,14679
-1.21,5.85,-8.15,-2.39,3.29,-1.41,28.24,-7.50,-53.22,14713
-2.58,6.39,-6.46,-1.46,1.68,-0.88,28.22,-5.58,-50.80,14748
-6.83,5.80,-5.48,-1.14,1.56,-0.88,28.69,-3.83,-49.30,14782
-7.39,7.93,-1.41,-0.36,0.34,-0.42,28.43,-3.55,-48.98,14816
-4.14,11.51,0.81,-0.25,-0.51,0.58,28.09,-3.35,-49.65,14850
-3.52,12.63,-2.02,-0.66,-0.84,1.58,27.43,-4.55,-50.04,14884
3.85,12.92,-4.55,-1.07,-1.70,3.29,26.67,-6.66,-51.78,14918
4.35,5.82,-28.31,0.23,-6.15,2.31,25.20,-9.05,-55.04,14953
-16.75,5.86,-19.80,3.82,-7.93,-0.08,16.50,-12.44,-64.34,14987
-5.50,-18.41,-11.60,8.82,-10.92,0.01,3.20,-20.30,-68.90,15021
-6.06,9.32,8.13,9.87,-10.74,2.22,-11.94,-33.92,-64.22,15055
-6.09,39.16,8.85,4.49,-1.46,1.20,-17.87,-37.69,-60.42,15089
21.32,16.08,-9.08,0.02,-1.56,-1.71,-15.46,-38.56,-61.50,15124
-2.57,5.75,-17.29,1.94,-1.51,-0.52,-17.47,-39.77,-59.24,15158
-3.58,16.41,-0.68,2.00,-2.24,1.29,-21.24,-40.57,-57.53,15192
-9.21,11.26,-3.27,0.66,-1.32,1.59,-24.51,-39.64,-55.89,15226
-11.47,16.93,-3.26,-0.54,-0.63,1.56,-26.72,-37.77,-55.00,15260
-0.11,20.66,-11.24,-3.06,0.65,0.42,-27.38,-36.28,-56.96,15294
-8.05,12.94,-14.64,-3.74,2.86,-5.78,-23.81,-35.28,-60.74,15329
19.44,2.52,-27.66,-3.84,5.58,-8.69,-15.62,-35.59,-65.96,15363
17.34,-10.45,5.22,-3.52,6.47,-4.48,-4.12,-34.19,-69.13,15397
24.42,0.23,7.47,-4.05,5.32,-0.28,4.50,-28.34,-70.29,15431
-4.13,13.34,5.92,-5.37,7.75,1.79,12.36,-23.57,-69.16,15465
5.80,6.07,2.75,-4.23,2.89,-1.23,18.81,-18.39,-65.84,15500
-36.39,16.53,-15.68,-3.36,4.12,-0.88,23.76,-15.29,-63.10,15534
-11.90,14.79,-1.62,0.64,-1.19,-2.25,24.58,-15.40,-63.90,15568
9.10,23.21,-6.89,-0.77,1.35,0.10,23.98,-12.67,-62.80,15602
-16.24,11.61,3.43,-2.07,2.24,0.80,26.57,-12.61,-60.46,15636
-6.63,5.90,-3.15,-3.38,2.91,-1.24,28.34,-10.23,-56.42,15670
-10.13,0.49,-22.00,-3.93,4.13,-2.27,30.33,-3.93,-51.01,15705
-5.36,6.53,-6.27,-1.30,1.45,-1.34,30.40,-2.05,-48.95,15739
-2.07,2.90,-5.82,-0.34,-1.07,-0.67,29.55,-0.16,-48.30,15773
-3.05,12.60,-2.29,-0.16,-1.52,0.03,28.09,0.54,-51.17,15807
0.66,15.85,-4.83,0.15,-2.76,1.46,27.27,-0.77,-53.22,15841
2.78,11.35,-14.00,0.62,-4.19,3.68,25.64,-3.62,-57.75,15875
11.86,8.80,-15.24,1.71,-6.12,4.99,21.92,-9.18,-63.15,15910
-6.66,-5.31,-16.26,3.88,-7.57,4.98,12.53,-17.83,-70.20,15944
-12.71,-9.19,-17.39,6.55,-12.59,3.50,-0.22,-26.31,-72.24,15978
9.16,5.52,-6.11,6.00,-11.72,2.33,-17.11,-33.22,-66.97,16012
4.79,15.05,12.06,2.37,-3.70,0.41,-25.43,-37.36,-61.21,16046
14.91,39.16,-32.69,0.05,0.30,0.34,-25.77,-37.11,-60.41,16081
-2.21,3.63,4.73,-0.81,0.22,-2.26,-22.55,-39.43,-62.35,16115
-11.01,11.80,-4.12,-0.54,1.24,-1.35,-19.98,-40.62,-62.48,16149
-4.79,16.28,5.49,-0.91,0.04,-0.72,-19.34,-40.75,-63.15,16183
2.37,5.44,-5.00,-1.69,0.70,-1.06,-18.42,-39.65,-64.10,16217
-5.82,12.47,3.91,-0.98,0.49,0.30,-17.55,-38.91,-65.30,16251
-11.55,6.71,1.44,-1.48,1.16,-0.55,-16.30,-37.62,-66.30,16286
-8.16,6.28,-5.99,-0.61,-0.38,-0.61,-16.76,-36.86,-65.99,16320
-6.50,0.68,-15.80,-0.37,-0.61,-0.06,-17.26,-36.86,-66.18,16354
-9.62,5.88,-10.37,1.21,-1.35,1.15,-19.28,-36.92,-64.40,16388
-13.22,10.58,-5.36,-0.15,-1.04,1.36,-21.76,-35.93,-63.15,16422
-13.71,20.05,-3.34,-0.92,-1.01,0.92,-23.24,-34.79,-62.95,16457
6.43,23.58,-19.64,-1.96,-0.66,-1.46,-24.99,-33.24,-62.88,16491
-5.32,3.19,-32.77,-2.24,1.56,-7.00,-21.40,-33.70,-64.63,16525
17.48,9.08,5.11,-2.81,5.51,-5.98,-12.85,-35.69,-68.23,16559
26.71,2.19,3.60,-4.34,7.92,-1.56,-0.96,-30.62,-70.83,16593
5.93,11.05,3.63,-5.68,9.10,1.17,9.72,-24.85,-69.54,16627
-10.37,6.39,1.76,-4.63,5.73,1.90,18.40,-19.44,-65.48,16662
35.03,-11.42,5.65,-2.67,-1.65,-0.48,20.77,-18.43,-65.08,16696
-8.28,-1.50,-7.36,-2.19,3.23,-0.53,23.91,-16.87,-62.86,16730
1.70,26.20,-37.92,0.27,1.67,0.17,24.76,-18.55,-62.04,16764
8.45,-1.70,10.27,-0.65,-0.47,-2.50,23.57,-17.55,-63.04,16798
-2.00,29.51,-16.58,-1.42,1.43,1.82,24.07,-16.54,-61.77,16833
-5.42,11.55,-0.15,-3.07,2.30,-0.48,26.16,-13.55,-59.68,16867
-5.82,2.11,-11.51,-2.79,2.47,-1.24,27.96,-9.03,-56.34,16901
-0.28,5.60,-8.51,-2.39,2.57,-1.37,29.28,-5.85,-51.70,16935
-4.14,2.17,-12.96,-2.29,3.21,-1.83,30.21,-2.47,-47.00,16969
-4.00,4.95,-8.21,-1.33,1.85,-0.97,30.46,-0.95,-45.10,17003
-6.85,3.67,-6.76,-0.54,0.92,-0.82,30.65,0.85,-43.26,17038
-10.56,8.87,1.25,0.33,-0.16,0.91,30.42,-0.12,-44.17,17072
-11.92,13.88,5.07,-0.15,-0.42,0.83,30.87,-0.53,-44.84,17106
-8.28,12.30,-2.57,-1.49,-1.37,0.95,30.01,0.28,-45.29,17140
11.62,14.64,-9.61,-0.40,-5.02,3.22,29.30,-1.78,-49.09,17174
9.80,8.71,-19.10,1.40,-7.30,3.62,25.58,-6.77,-57.88,17208
-13.76,-5.34,-9.46,5.29,-11.41,3.80,17.09,-14.31,-67.36,17243
6.83,2.65,-6.54,6.31,-7.88,2.61,3.70,-23.31,-71.67,17277
-2.46,-2.64,-5.06,4.90,-6.25,2.50,-7.03,-30.77,-69.67,17311
35.75,20.04,-6.11,3.72,-9.19,1.47,-18.40,-36.19,-65.19,17345
-8.37,20.31,-13.87,0.44,1.21,-1.19,-18.58,-37.66,-64.07,17379
1.98,12.90,11.48,-0.11,-1.66,-2.86,-16.73,-39.77,-63.97,17414
-10.76,17.65,-11.16,-0.57,0.02,0.25,-16.60,-40.12,-63.65,17448
-13.45,10.63,5.15,-0.81,-1.14,-0.78,-17.00,-39.75,-64.34,17482
-10.79,-8.65,-13.28,-0.88,0.19,-1.99,-15.87,-39.59,-64.83,17516
-3.56,1.85,-1.04,1.10,-2.31,-0.59,-16.95,-40.44,-63.07,17550
-6.56,6.85,-7.69,1.54,-1.74,-0.25,-19.29,-42.93,-61.06,17584
-12.19,2.46,-8.07,1.62,-1.46,0.62,-20.78,-43.69,-59.44,17619
-12.40,7.60,-9.47,0.33,-1.27,1.30,-23.06,-43.42,-56.43,17653
-7.07,19.31,-11.91,-0.04,-0.78,0.98,-24.67,-43.17,-56.28,17687
-3.50,29.42,-10.89,-1.77,-0.36,-1.03,-24.42,-42.30,-56.05,17721
6.07,11.29,0.48,-3.20,-0.59,-3.62,-22.77,-41.55,-58.18,17755
20.96,4.67,-7.13,-3.58,7.83,-4.25,-15.58,-40.66,-62.83,17790
21.46,1.58,-1.36,-5.73,9.05,-1.17,-4.30,-35.82,-67.67,17824
5.39,12.21,-2.36,-6.77,10.90,-1.03,10.27,-27.39,-66.65,17858
19.61,2.82,37.75,-4.38,3.52,-2.14,19.95,-21.59,-63.72,17892
-14.99,-8.99,-0.04,-3.34,4.64,-0.87,24.64,-17.79,-59.57,17926
-26.98,12.73,-39.16,-0.34,1.57,1.97,25.81,-19.37,-59.21,17960
8.68,0.24,11.74,0.06,-1.53,-1.98,23.93,-18.96,-60.92,17995
-17.25,8.09,-0.70,-0.31,0.11,1.53,23.87,-19.23,-61.02,18029
-13.69,14.54,6.56,-1.59,0.37,0.30,23.34,-18.47,-61.87,18063
-3.22,-0.96,-9.20,-2.03,0.82,-0.78,23.41,-15.49,-61.02,18097
-7.53,3.95,-8.54,-1.86,0.69,-0.24,24.04,-13.18,-60.55,18131
-6.32,5.45,-1.64,-1.43,0.44,-1.14,23.18,-11.11,-60.17,18166
-7.66,5.87,-8.39,-0.95,0.15,-0.35,22.89,-9.02,-58.68,18200
-2.96,2.14,-3.68,0.55,-1.90,-0.47,21.65,-8.80,-60.86,18234
-1.17,17.51,-3.49,0.02,-0.65,0.74,19.92,-9.25,-61.66,18268
-2.47,17.83,-1.16,-1.33,-0.50,2.21,19.54,-9.73,-62.12,18302
-4.66,21.59,7.77,-1.88,-2.21,4.21,18.33,-10.19,-62.98,18336
0.68,9.37,-11.98,-0.39,-6.53,5.47,12.91,-12.63,-66.85,18371
-3.95,-10.28,-39.16,1.28,-8.93,5.13,3.39,-15.86,-70.96,18405
9.60,-1.07,-9.27,4.23,-10.98,1.89,-10.74,-21.29,-70.51,18439
-15.39,-8.79,-8.38,4.14,-3.52,-0.89,-19.01,-26.32,-67.85,18473
4.46,16.70,39.20,6.52,-7.93,-0.62,-25.43,-32.10,-61.52,18507
-5.32,21.81,20.41,1.13,3.14,-2.48,-28.75,-36.80,-58.99,18541
-18.27,39.16,-38.73,-0.23,4.19,-4.24,-24.09,-38.83,-60.82,18576
21.18,12.95,17.01,-1.51,-2.72,-3.88,-21.94,-42.02,-60.80,18610
-10.92,4.57,-9.98,0.07,0.12,-1.08,-20.01,-44.05,-61.20,18644
-13.30,20.36,11.31,-0.12,-0.80,-1.75,-20.21,-44.74,-60.10,18678
-1.44,0.39,4.72,-1.95,0.39,-1.96,-19.10,-44.83,-61.71,18712
-4.06,2.85,-10.99,0.37,-1.03,0.30,-19.76,-43.79,-61.28,18747
-7.52,14.87,-4.99,0.73,-0.72,1.34,-21.13,-43.64,-59.66,18781
-6.47,13.61,-7.05,-1.05,0.31,1.60,-23.03,-42.01,-59.70,18815
-9.54,22.72,-2.42,-2.44,0.27,1.16,-23.75,-39.20,-62.34,18849
4.55,25.62,-15.81,-4.12,1.77,-1.27,-22.80,-36.01,-64.83,18883
23.69,2.87,-31.63,-5.11,5.30,-6.68,-14.31,-32.39,-69.72,18917
8.03,-11.04,-0.79,-4.33,8.62,-3.65,1.23,-26.75,-71.75,18952
14.65,-1.48,-2.20,-3.22,5.86,0.78,9.12,-23.31,-71.35,18986
0.18,9.89,0.68,-4.16,7.16,1.08,18.09,-19.53,-67.06,19020
15.90,9.81,11.53,-3.20,-1.82,1.14,20.99,-18.33,-66.37,19054
0.66,39.16,-16.33,-0.92,1.98,1.01,24.07,-17.07,-63.74,19088
7.99,16.31,9.44,0.33,-2.37,-2.76,23.60,-15.58,-64.06,19123
-3.20,4.91,-18.99,-1.22,1.42,-1.76,23.69,-12.07,-63.08,19157
-7.67,16.86,2.71,-1.01,0.27,-0.49,24.41,-10.60,-62.15,19191
-1.91,4.35,-5.22,-2.11,1.02,-0.92,23.87,-7.19,-61.20,19225
-10.51,2.73,-6.39,-2.37,0.89,-0.02,25.29,-4.87,-59.81,19259
-3.86,1.37,-7.97,-0.81,-0.74,0.29,24.51,-3.81,-59.31,19293
-6.14,11.51,-2.09,0.17,-1.85,1.93,23.72,-4.72,-60.95,19328
-1.65,20.37,1.57,-0.36,-2.59,2.40,21.37,-6.28,-63.39,19362
5.09,13.18,-6.48,0.49,-5.51,4.30,17.89,-9.09,-66.50,19396
1.81,8.61,-19.51,0.76,-7.33,5.28,10.92,-13.37,-70.78,19430
-27.63,-14.50,-38.28,4.82,-12.19,3.78,-4.66,-20.58,-73.34,19464
-21.72,-12.56,2.27,6.00,-4.08,-0.79,-14.07,-28.59,-70.67,19499
-33.64,-21.80,-14.95,5.17,-4.58,-0.06,-19.48,-34.70,-65.26,19533
10.59,20.29,35.44,-2.07,4.31,-2.00,-20.89,-39.24,-65.36,19567
-35.25,13.06,4.58,-1.18,-0.18,-5.77,-9.13,-39.07,-67.93,19601
-2.80,10.14,-16.29,-1.13,2.88,-3.42,-6.04,-37.90,-67.89,19635
-0.12,20.30,3.21,1.33,-1.95,-0.93,-6.78,-40.40,-66.65,19669
-1.81,15.42,2.89,0.12,-1.64,-1.04,-7.86,-41.30,-66.37,19704
-4.39,8.36,-6.16,-0.02,-1.74,-0.22,-9.73,-40.87,-65.48,19738
-4.48,-0.05,-10.38,1.45,-2.38,2.04,-12.91,-41.64,-63.59,19772
-15.78,8.35,-1.61,0.48,-1.25,2.48,-17.26,-41.38,-61.41,19806
-5.88,14.26,-17.27,-1.17,-1.44,1.21,-20.04,-39.61,-61.56,19840
6.08,23.67,-22.37,-2.50,-0.55,-0.99,-21.00,-37.96,-61.93,19875
2.73,5.97,-10.65,-3.58,-1.28,-4.32,-19.99,-36.51,-63.96,19909
26.52,5.82,4.74,-4.45,10.66,-5.58,-8.05,-35.75,-68.46,19943
10.07,-6.06,-2.74,-3.78,8.09,0.69,4.14,-31.22,-68.78,19977
13.66,10.94,7.76,-4.02,7.42,2.81,13.64,-27.24,-66.88,20011
-22.89,-5.68,-12.59,-4.59,8.37,1.62,23.59,-24.60,-60.35,20045
-39.20,0.61,-28.66,-0.05,1.42,1.47,25.45,-25.31,-59.98,20080
-4.60,-1.40,16.01,-0.18,0.67,-4.09,25.77,-23.11,-61.37,20114
-28.86,-4.40,-5.67,-1.94,1.59,-0.74,25.97,-20.29,-60.08,20148
-3.90,-6.82,-7.95,-1.97,-0.52,-0.34,24.61,-17.77,-60.57,20182
-4.20,10.18,-3.07,-0.62,-1.49,1.09,22.86,-17.30,-62.45,20216
-5.65,5.24,-5.16,-0.77,-0.76,1.48,21.54,-17.47,-62.67,20250
-8.14,6.30,-3.41,-0.57,-0.75,1.18,20.78,-17.51,-63.14,20285
-7.18,7.03,-0.54,-0.68,-0.35,0.47,20.18,-17.26,-63.96,20319
-4.14,7.14,0.38,-0.68,0.09,-0.33,19.72,-16.22,-63.84,20353
-1.37,10.18,-0.35,-0.69,0.03,-0.43,19.32,-14.85,-63.84,20387
0.85,10.77,-3.04,-0.72,0.42,-0.28,19.28,-13.48,-63.30,20421
-0.77,11.00,-2.88,-0.74,0.46,-0.04,19.72,-12.83,-63.24,20456
-0.97,8.78,-4.33,-0.96,1.00,0.08,20.45,-11.50,-62.26,20490
-3.41,6.66,-7.46,-1.21,1.63,-0.07,21.34,-10.73,-61.62,20524
-8.39,3.81,-8.71,-1.14,2.00,-0.81,23.30,-8.75,-59.68,20558
-5.66,5.41,-8.82,-0.76,1.93,-1.82,24.32,-6.34,-56.99,20592
-1.10,10.22,-1.84,-0.63,0.44,-1.64,23.84,-3.61,-56.26,20626
1.97,11.92,-0.98,-1.04,0.91,-1.99,23.69,-1.48,-55.06,20661
-7.46,7.64,-3.42,-2.46,3.29,-2.46,23.65,3.08,-50.98,20695
-0.63,10.88,-0.96,-1.14,0.99,-0.88,23.74,5.48,-48.76,20729
-7.30,5.80,-3.49,-0.71,0.43,-0.39,23.60,6.49,-47.53,20763
-8.93,6.17,-7.76,0.04,-0.75,0.43,22.93,7.19,-48.11,20797
-9.52,11.04,-6.35,0.24,-1.76,1.49,22.86,6.02,-50.53,20832
1.05,12.78,-7.98,-0.23,-1.89,2.62,23.38,4.40,-51.80,20866
-0.92,17.36,-8.03,1.25,-6.60,4.70,23.18,-0.96,-57.80,20900
-3.96,2.94,-21.60,2.70,-8.72,3.57,16.87,-6.40,-65.93,20934
4.15,6.68,-10.32,5.36,-9.69,0.12,4.50,-13.34,-72.08,20968
-2.83,-8.66,8.77,5.08,-6.15,-1.82,-5.12,-21.18,-73.72,21002
21.95,-7.17,7.34,4.89,-7.78,-0.35,-14.34,-28.76,-70.58,21037
-24.30,36.56,-20.07,0.77,1.30,-2.48,-14.38,-34.43,-69.98,21071
0.99,7.20,-8.48,1.06,-2.86,-2.11,-15.71,-36.71,-68.59,21105
-12.16,11.33,-8.02,1.27,-2.59,0.37,-17.95,-38.78,-67.14,21139
-10.35,13.49,-9.35,0.54,-3.04,0.87,-22.46,-39.84,-64.83,21173
-10.76,9.72,-5.35,0.51,-3.42,0.29,-24.88,-40.72,-61.06,21208
-8.31,10.16,-7.30,0.57,-3.50,-0.69,-26.97,-41.93,-57.59,21242
-2.37,6.68,-1.08,-0.47,-4.06,-1.52,-28.84,-42.94,-53.79,21276
2.31,-2.08,0.86,-1.09,-2.76,-1.88,-28.63,-43.15,-49.85,21310
-4.09,16.90,-21.90,-2.07,2.76,-2.46,-25.50,-43.77,-52.09,21344
4.12,19.56,-0.83,-2.57,4.65,-2.53,-19.80,-43.93,-55.54,21378
-10.02,23.33,15.45,-2.92,3.15,-1.93,-14.03,-41.82,-59.38,21413
-4.45,16.91,-2.08,-2.03,3.27,-1.81,-9.11,-39.49,-60.70,21447
-13.34,12.98,-1.74,-0.07,2.83,-0.95,-5.67,-38.67,-60.76,21481
-15.05,6.96,-2.02,1.15,-1.26,1.31,-7.41,-38.99,-58.97,21515
-8.00,5.91,-0.22,1.67,-3.06,2.54,-13.12,-39.99,-55.92,21549
-5.31,4.83,3.01,1.49,-2.46,2.89,-17.73,-39.36,-54.37,21583
-6.97,3.64,3.24,1.07,-1.01,2.98,-22.14,-37.37,-53.17,21618
-7.46,4.13,3.68,0.71,-0.96,3.24,-24.89,-35.76,-51.78,21652
-6.70,4.52,0.54,0.46,-0.35,3.13,-27.42,-33.00,-51.46,21686
-8.15,5.40,0.24,0.22,-0.25,2.93,-29.92,-29.82,-50.66,21720
-8.23,5.77,0.40,0.02,-0.25,2.83,-31.26,-27.02,-50.69,21754
-6.23,6.92,0.39,-0.23,0.30,2.49,-32.17,-23.97,-50.57,21789
-6.40,8.56,-0.75,-0.68,1.28,2.18,-32.46,-21.60,-51.51,21823
-6.87,8.47,-1.80,-0.88,1.82,1.81,-31.19,-18.78,-53.61,21857
-5.49,8.72,-2.41,-0.94,2.01,1.31,-30.09,-16.33,-55.03,21891
-5.94,7.61,-1.94,-0.57,1.82,0.76,-28.31,-14.98,-57.66,21925
-4.80,8.22,-2.11,-0.29,1.76,0.19,-27.19,-14.21,-58.64,21959
-5.11,7.02,-3.14,-0.13,1.07,-0.29,-26.35,-13.65,-60.27,21994
-4.13,7.49,-3.51,-0.03,0.62,-0.67,-26.44,-13.48,-60.84,22028
-4.66,7.51,-2.58,0.16,0.09,-0.98,-27.26,-14.50,-60.55,22062
-2.97,7.76,-4.60,0.20,0.07,-1.15,-27.99,-15.58,-61.39,22096
-10.67,21.69,-8.89,2.97,-0.43,-1.56,-28.35,-17.73,-61.09,22130
-9.11,14.20,2.72,2.60,-3.54,0.06,-32.91,-19.15,-57.35,22165
-5.16,11.03,-1.20,2.92,-5.18,0.52,-37.59,-21.21,-51.77,22199
-2.83,7.28,-2.85,2.61,-5.46,0.33,-40.97,-22.57,-42.21,22233
-6.37,14.12,3.81,1.60,-4.12,-0.44,-43.47,-24.42,-39.20,22267
-4.07,10.09,-2.46,0.72,-1.95,-1.75,-43.85,-27.52,-35.47,22301
-4.16,12.69,-4.57,1.06,-1.59,-1.65,-43.25,-31.31,-31.50,22335
-3.61,9.10,-5.29,0.72,-2.10,-1.21,-42.50,-33.88,-27.35,22370
-3.95,6.28,-5.54,0.75,-1.94,-1.07,-41.82,-35.38,-24.83,22404
-3.61,5.36,-6.32,1.35,-2.04,-0.61,-39.93,-36.76,-19.72,22438
-6.74,8.49,-9.38,1.87,-3.02,0.24,-38.75,-36.16,-15.64,22472
-5.94,8.26,-9.17,2.30,-3.26,0.50,-37.08,-34.60,-8.65,22506
-3.00,13.75,-10.37,2.50,-3.07,0.54,-34.22,-32.08,-3.29,22541
-5.06,13.58,-6.01,1.58,-2.70,-0.55,-31.38,-30.44,0.83,22575
-2.87,12.63,-6.10,1.19,-1.99,-0.93,-28.21,-29.55,4.56,22609
-2.72,15.65,-5.52,0.99,-1.70,-1.22,-25.72,-29.17,6.43,22643
-1.92,12.30,-2.86,0.76,-1.71,-1.53,-23.12,-29.35,7.66,22677
-4.38,12.22,-2.50,0.61,-1.48,-1.47,-19.61,-29.22,8.93,22711
-4.66,10.73,-6.52,0.66,0.13,-2.50,-18.36,-29.14,9.38,22746
-2.64,12.26,-3.16,0.56,-0.04,-2.13,-17.36,-29.60,9.53,22780
-2.60,11.24,-4.84,0.76,-0.07,-1.88,-16.14,-29.38,9.60,22814
-4.21,11.39,-3.69,1.08,-0.66,-1.51,-14.98,-28.33,10.57,22848
-4.06,12.65,-3.36,1.27,-0.74,-1.44,-12.91,-26.89,11.21,22882
-4.08,13.71,-2.25,1.27,0.06,-1.36,-12.53,-25.14,11.63,22916
-6.09,13.08,-2.17,1.18,0.90,-1.06,-13.08,-24.07,12.42,22951
-4.65,13.09,0.06,0.99,1.13,-0.67,-14.98,-20.90,11.69,22985
-2.93,13.13,3.31,0.34,1.99,-0.17,-17.38,-20.02,10.71,23019
-1.04,11.66,3.49,-0.64,3.25,0.12,-22.24,-19.72,7.72,23053
-6.65,9.24,1.16,-1.99,5.47,0.11,-28.41,-21.28,3.51,23087
-7.68,6.36,-2.55,-3.26,4.95,0.77,-33.98,-23.22,-2.73,23122
-8.27,3.87,-2.47,-3.40,3.44,1.32,-38.21,-24.82,-8.08,23156
-39.20,-9.43,-20.58,-2.74,3.26,1.33,-39.62,-24.01,-13.08,23190
-4.34,7.08,2.08,-2.71,2.25,1.28,-39.89,-23.84,-14.89,23224
-9.03,3.02,-2.03,-2.56,2.30,0.81,-40.73,-23.36,-17.77,23258
-8.91,-1.02,-2.84,-1.77,1.44,0.87,-41.29,-22.70,-20.56,23292
-2.88,2.12,-4.24,-0.78,1.21,1.35,-40.60,-21.38,-21.98,23327
-21.47,36.08,-24.07,0.66,1.45,2.76,-40.97,-17.92,-22.35,23361
-4.63,1.42,1.87,1.26,-0.96,1.12,-40.02,-16.50,-22.04,23395
-9.98,11.01,-2.35,0.92,-0.07,1.27,-39.01,-14.37,-21.00,23429
-5.05,6.84,-2.60,0.91,-0.72,0.83,-38.29,-13.69,-20.68,23463
-2.70,6.50,-4.78,0.99,-0.86,0.91,-36.79,-12.63,-18.43,23498
-2.27,9.99,-3.24,0.97,-0.88,1.44,-35.81,-10.67,-17.01,23532
-5.30,8.48,-1.18,0.88,-1.07,1.49,-34.43,-9.19,-15.84,23566
-6.32,8.75,-2.14,0.69,-0.92,1.17,-32.65,-7.54,-14.47,23600
-5.89,8.09,-2.35,0.61,-0.93,0.84,-31.34,-6.71,-13.94,23634
-2.01,8.33,-4.07,0.54,-0.96,0.60,-30.47,-6.69,-12.85,23668
-3.89,8.70,-3.20,0.39,-0.67,0.73,-29.45,-5.92,-12.06,23703
-2.31,9.20,-1.63,0.29,-0.63,1.00,-27.99,-5.67,-11.79,23737
-4.70,9.00,-2.70,0.21,-0.59,1.29,-26.97,-5.33,-11.17,23771
-4.60,8.27,-2.97,0.30,-1.10,1.51,-25.80,-4.43,-10.57,23805
-4.31,8.86,-3.81,0.54,-2.28,1.91,-23.65,-2.94,-8.33,23839
-5.78,7.91,-2.49,0.34,-1.50,0.99,-20.97,-2.29,-7.80,23874
-2.52,7.83,-6.38,0.24,-1.41,0.80,-19.45,-1.52,-6.43,23908
-5.71,9.01,-1.58,-0.06,-0.94,0.55,-18.56,-1.65,-6.14,23942
-6.65,7.45,-4.37,-0.30,-0.54,0.14,-17.70,-1.32,-5.66,23976
-4.57,7.79,-4.10,-0.25,-0.70,0.18,-17.20,-1.26,-4.75,24010
-2.62,9.24,-4.01,-0.38,-0.46,0.22,-16.03,-2.13,-5.23,24044
-4.02,9.10,-3.12,-0.44,-0.26,0.10,-15.32,-2.27,-4.55,24079
-4.31,8.55,-4.28,-0.47,-0.31,0.11,-15.11,-2.53,-3.45,24113
-3.31,8.40,-4.08,-0.51,-0.44,0.24,-14.34,-3.17,-3.30,24147
-5.78,7.45,-3.24,-0.55,-0.41,0.16,-13.64,-3.13,-3.22,24181
-3.56,6.99,-3.87,-0.51,-0.38,-0.17,-13.11,-3.58,-2.35,24215
-2.21,9.30,-3.10,-0.52,-0.37,0.02,-12.41,-3.90,-1.33,24250
-4.04,8.92,-2.65,-0.57,-0.42,-0.09,-11.63,-4.76,-2.08,24284
-2.70,9.48,-2.14,-0.69,-0.47,-0.15,-10.79,-5.41,-1.24,24318
-1.99,10.03,-1.39,-0.78,-0.45,0.11,-10.64,-6.40,-0.99,24352
-0.59,10.87,-1.07,-0.97,-0.43,0.13,-9.76,-6.83,0.13,24386
10.49,16.20,3.86,-1.54,-0.43,0.59,-9.06,-7.57,-0.10,24420
3.06,14.98,-0.98,-1.85,0.05,0.84,-8.05,-9.57,1.04,24455
4.74,22.41,1.34,-2.50,-0.66,1.79,-6.75,-11.66,2.31,24489
-6.61,20.15,-8.84,-3.45,0.64,1.77,-5.58,-14.40,3.10,24523
-12.64,9.93,-22.66,-3.62,2.81,0.63,-7.48,-18.88,2.35,24557
-4.69,13.23,-7.65,-3.17,4.01,-0.88,-12.07,-22.58,1.64,24591
-5.80,8.38,-8.26,-2.71,3.30,-1.07,-15.71,-26.88,0.58,24625
-7.54,6.26,-6.84,-1.35,1.91,-0.75,-17.74,-29.79,-0.73,24660
-6.67,3.28,-5.39,0.03,-0.65,0.82,-18.63,-30.97,-0.15,24694
-4.79,3.38,-3.84,1.00,-1.98,1.92,-17.64,-29.30,1.37,24728
-2.30,5.34,-3.48,2.20,-2.55,2.80,-16.16,-25.31,5.23,24762
-1.91,7.20,-2.68,2.72,-1.78,2.92,-14.00,-20.51,6.17,24796
-1.80,7.57,-2.70,2.66,-1.04,2.65,-12.96,-16.27,7.41,24831
-2.85,7.60,-1.78,2.46,0.02,1.97,-12.13,-10.95,6.87,24865
-4.32,6.74,-1.46,2.29,0.63,1.54,-11.84,-6.75,6.12,24899
-5.25,7.26,-1.93,2.16,0.65,1.34,-11.78,-2.67,5.31,24933
-6.40,8.36,-3.47,1.87,0.20,1.14,-10.92,0.72,3.55,24967
-4.27,10.03,-2.06,1.81,-0.10,0.70,-9.70,2.60,2.78,25001
-2.36,11.02,-1.84,1.47,0.11,0.10,-9.32,4.66,0.67,25036
-1.25,12.58,-3.46,0.84,0.96,-1.11,-9.81,5.41,-0.83,25070
-2.25,11.29,-2.90,0.45,1.39,-1.91,-12.13,5.99,-1.43,25104
-2.63,12.11,-3.55,-0.07,1.86,-2.47,-16.06,5.14,-1.67,25138
-3.04,11.23,-4.32,-0.25,2.02,-2.62,-18.69,3.87,-2.70,25172
-3.10,10.00,-3.72,-0.27,2.06,-2.53,-22.98,2.44,-3.93,25207
-0.57,10.58,-2.56,-0.39,2.21,-2.06,-26.13,1.05,-5.69,25241
-0.38,10.08,-2.35,-0.24,2.92,-1.86,-28.63,-1.04,-7.57,25275
-1.13,10.32,-1.97,-0.09,2.87,-1.49,-32.29,-1.75,-9.84,25309
-1.33,9.75,-2.43,-0.00,2.42,-1.15,-34.67,-3.05,-12.10,25343
-0.83,10.11,-1.82,0.12,1.64,-0.86,-36.12,-3.93,-14.13,25377
0.52,9.79,-2.43,0.24,1.08,-0.78,-37.14,-4.15,-16.16,25412
-0.32,9.69,-1.73,0.38,0.77,-0.65,-37.37,-5.44,-17.42,25446
-1.22,8.80,-1.80,0.37,0.59,-0.47,-38.09,-5.70,-17.16,25480
-1.29,9.16,-1.59,0.32,0.18,-0.20,-37.55,-6.08,-18.02,25514
-3.00,8.68,-1.92,0.23,0.22,-0.25,-37.99,-6.43,-17.48,25548
-4.48,9.04,-3.46,0.28,-0.33,-0.17,-37.23,-6.53,-17.52,25583
-13.94,5.11,-3.20,-0.55,1.16,-1.93,-38.40,-7.95,-17.45,25617
-0.79,12.31,-2.85,-0.36,-0.32,-0.85,-38.35,-10.00,-16.54,25651
-2.31,9.82,-2.65,-0.24,-0.22,-0.49,-38.73,-11.11,-16.24,25685
-6.09,6.98,-4.00,-0.15,-0.21,-0.29,-38.31,-11.91,-15.17,25719
-4.93,8.43,-2.18,-0.04,-0.58,-0.22,-38.19,-12.06,-13.94,25753
-4.35,8.73,-2.92,-0.21,-0.45,-0.37,-37.49,-12.83,-13.96,25788
-4.38,10.09,-3.48,-0.08,-0.76,0.22,-36.96,-12.82,-12.41,25822
-3.57,8.77,-5.24,0.17,-1.52,0.88,-35.47,-11.53,-10.35,25856
-0.54,11.44,-4.49,-0.02,-1.83,1.09,-34.04,-10.26,-7.91,25890
0.27,9.25,-2.90,-1.04,-0.48,0.31,-32.65,-10.52,-6.58,25924
-0.49,7.65,-4.95,-1.31,0.50,-0.11,-32.33,-11.90,-6.30,25958
-1.07,7.61,-3.33,-1.40,1.14,-0.38,-32.68,-13.24,-7.07,25993
-2.77,7.08,-3.21,-1.50,1.46,-0.86,-33.70,-15.52,-8.07,26027
-5.55,5.32,-4.31,-1.61,1.77,-1.39,-35.00,-18.18,-10.03,26061
-7.14,3.61,-7.60,-1.09,1.52,-1.54,-35.98,-21.18,-11.20,26095
-8.53,4.67,-3.32,-0.44,0.78,-0.97,-36.03,-23.27,-11.96,26129
-7.70,8.16,-0.37,0.01,-0.18,-0.67,-35.38,-24.41,-11.90,26164
-1.47,11.81,-3.63,-0.13,-0.62,0.49,-34.81,-24.58,-10.52,26198
1.62,16.85,-2.63,-0.18,-1.51,2.20,-34.45,-22.32,-8.92,26232
-4.10,17.13,-0.17,0.18,-4.81,4.83,-32.36,-18.18,-4.06,26266
-0.35,-14.77,-35.61,2.71,-10.27,4.79,-21.31,-11.56,4.09,26300
-13.76,-9.07,-23.85,5.91,-12.84,2.49,-5.98,-4.74,5.83,26334
-22.24,-9.07,-14.40,5.02,-4.43,-1.50,2.88,1.20,2.41,26369
26.87,6.05,4.38,4.79,-8.56,1.08,11.84,6.45,-4.46,26403
20.16,39.16,-12.69,2.20,0.01,0.78,14.85,9.00,-7.59,26437
13.69,13.09,-4.59,-0.53,-2.36,-1.35,11.15,10.48,-7.02,26471
-3.81,12.06,-1.91,0.43,-0.95,0.26,11.82,10.52,-8.24,26505
-4.62,19.39,0.30,-1.00,0.08,1.54,13.67,9.97,-7.98,26540
-2.72,19.00,5.72,-3.58,-0.14,2.77,16.14,6.59,-4.44,26574
-13.56,7.69,-7.51,-4.60,3.21,1.70,15.39,1.56,-0.12,26608
4.19,1.58,-30.14,-3.25,8.97,-3.49,5.89,-1.61,5.93,26642
5.61,-0.23,-16.17,-1.51,9.17,-5.81,-9.08,-4.46,7.12,26676
7.05,1.58,3.26,0.33,1.88,-1.20,-14.98,-5.03,5.79,26710
10.38,12.93,15.44,-0.67,4.91,0.22,-18.69,-4.85,4.36,26745
-0.88,6.94,7.46,-2.63,3.59,0.35,-23.87,-7.09,2.62,26779
-29.13,18.80,-12.69,-2.40,0.02,-0.75,-25.27,-9.84,3.07,26813
7.50,9.84,-0.56,-1.81,-1.02,-0.70,-25.23,-14.10,3.92,26847
4.82,13.62,-5.98,-2.32,-0.77,-0.17,-24.35,-16.53,4.03,26881
17.04,7.44,-7.94,-3.66,1.75,1.11,-25.02,-19.91,3.22,26916
-30.01,13.29,-18.89,-5.18,3.35,1.81,-29.25,-23.56,-0.53,26950
-4.97,8.09,-17.80,-1.94,1.24,1.79,-31.20,-24.93,-2.81,26984
-4.61,-1.06,-12.81,0.88,-1.00,2.70,-31.37,-21.89,-2.21,27018
-4.27,0.60,-7.60,2.43,-1.89,2.87,-29.85,-16.79,-0.63,27052
-2.16,2.00,-6.22,3.56,-3.39,3.09,-26.69,-10.63,2.25,27086
-2.24,5.54,-5.61,4.03,-4.36,3.27,-20.27,-2.82,4.19,27121
-1.43,5.98,-5.64,4.11,-4.38,2.96,-13.23,2.88,2.72,27155
-3.20,7.85,-4.63,4.06,-4.73,2.45,-4.25,8.75,0.94,27189
-2.81,9.70,-4.73,3.51,-5.13,1.63,2.44,12.20,-4.40,27223
-3.43,11.97,-4.05,2.85,-4.75,0.76,7.31,14.75,-8.07,27257
9.77,13.84,5.44,0.85,-3.41,-0.62,10.73,15.70,-12.55,27291
11.94,30.68,16.45,-2.46,2.25,-5.11,7.15,16.03,-11.68,27326
16.14,39.16,-35.71,-2.19,4.35,-2.27,-0.22,14.51,-8.68,27360
6.80,11.43,16.02,0.20,-2.45,-2.01,-3.13,13.88,-9.32,27394
8.83,16.08,-7.99,-0.59,-1.15,-0.09,-2.59,13.29,-8.29,27428
-11.47,9.66,9.18,-1.52,-0.81,0.32,-1.04,11.72,-6.52,27462
-11.13,2.95,-6.37,-1.90,-0.68,-0.71,-1.26,10.52,-4.98,27497
-6.72,-2.93,-8.14,-1.46,-0.24,-0.39,-1.21,9.30,-3.62,27531
-9.68,2.55,-3.43,-0.40,-0.86,-0.66,-1.20,8.18,-3.55,27565
-3.42,2.35,-6.27,-0.12,-0.55,-0.88,-0.94,7.82,-3.51,27599
-5.49,8.62,-7.94,0.48,-0.63,0.17,-0.37,8.55,-3.24,27633
-10.12,15.47,-2.20,-0.44,-0.40,1.08,1.55,8.74,-4.50,27667
-4.71,25.23,-6.94,-1.37,-0.34,0.76,2.67,7.60,-3.08,27702
8.98,24.97,-19.68,-2.54,-0.28,-0.80,2.59,5.39,0.22,27736
2.30,1.62,-9.57,-3.36,1.21,-4.91,-1.65,3.20,1.96,27770
20.08,-2.43,-0.51,-4.31,8.92,-5.64,-11.74,-2.24,2.94,27804
19.14,-3.20,-5.11,-5.35,9.47,-1.11,-24.88,-9.50,-1.21,27838
5.52,7.56,-0.14,-5.88,8.00,0.56,-32.36,-13.69,-8.20,27873
-22.02,-1.75,-12.54,-4.57,6.91,0.14,-38.22,-18.25,-16.11,27907
6.74,11.00,-5.03,-1.69,2.69,0.35,-37.69,-20.29,-18.52,27941
-16.77,12.27,-12.39,0.75,0.45,-1.06,-38.82,-18.75,-19.06,27975
4.88,0.71,0.03,0.07,-0.32,-1.61,-39.05,-22.83,-19.00,28009
-2.23,14.81,1.02,-0.54,1.11,0.58,-39.26,-21.84,-20.33,28043
-14.76,2.30,-3.82,-1.77,1.87,0.08,-40.41,-22.05,-22.27,28078
-10.66,8.00,-9.97,-1.59,1.88,-0.04,-41.14,-22.26,-24.73,28112
-11.96,6.50,-9.82,-0.89,0.82,-0.10,-41.65,-21.81,-25.81,28146
-10.51,2.23,-4.42,-0.12,-0.13,-0.86,-41.51,-22.71,-26.60,28180
-5.86,9.33,-1.72,0.49,-0.41,-1.08,-40.89,-24.01,-26.15,28214
-5.97,4.51,-2.94,-0.25,0.11,-1.65,-40.91,-26.53,-26.70,28249
-4.40,9.94,-6.66,0.02,-0.12,-0.91,-40.41,-28.49,-25.67,28283
-4.57,10.40,-3.13,-0.31,-0.51,-0.80,-39.86,-29.14,-24.54,28317
-6.09,8.44,-4.24,-0.17,-0.81,-0.32,-39.23,-30.12,-23.49,28351
-6.35,9.15,-3.82,0.01,-0.88,0.04,-38.94,-30.17,-22.22,28385
-5.65,11.82,-4.30,0.15,-1.43,0.96,-39.13,-28.91,-20.61,28419
-2.30,15.49,-5.36,0.09,-2.31,2.17,-38.70,-25.07,-16.76,28454
1.15,11.93,-12.34,0.28,-3.91,4.07,-37.37,-20.77,-12.64,28488
0.92,2.34,-13.29,1.62,-5.76,5.21,-33.22,-15.21,-6.24,28522
-3.20,1.87,-2.73,3.34,-8.43,5.65,-21.56,-6.99,1.42,28556
10.78,0.20,-10.60,3.90,-8.76,3.36,-9.35,-1.87,4.09,28590
-8.17,-2.76,-5.10,3.31,-5.08,2.03,0.70,2.10,1.52,28625
-12.02,-3.82,-3.43,3.43,-6.05,1.30,8.11,5.38,-2.72,28659
25.83,6.56,-0.58,0.43,-4.13,-1.83,13.12,7.12,-6.77,28693
-35.71,-10.05,-18.76,-0.37,3.58,-3.70,9.12,9.54,-5.90,28727
12.95,1.49,10.84,-0.53,-1.05,-3.57,7.42,10.55,-6.40,28761
-6.73,11.78,1.89,-0.22,-0.73,-0.36,7.12,10.76,-6.30,28795
-10.56,13.93,6.30,-1.61,-0.25,-0.79,6.61,10.06,-5.54,28830
-10.16,2.06,-17.48,-0.68,0.28,-0.72,4.95,9.35,-3.81,28864
-11.42,3.85,-8.31,1.20,-1.10,0.16,6.24,10.03,-5.69,28898
-7.95,10.29,-7.47,0.78,-1.40,0.80,7.16,11.17,-6.30,28932
-7.88,16.59,-2.20,-0.17,-0.75,1.42,9.37,11.71,-7.61,28966
-6.61,27.49,-8.42,-1.63,-0.55,1.07,10.86,10.06,-6.91,29000
-10.48,17.85,-12.47,-2.32,0.37,-1.51,10.48,9.09,-4.27,29035
21.91,-13.06,-24.23,-3.00,6.16,-5.63,2.34,8.21,-0.88,29069
12.54,-3.30,-3.16,-4.22,10.16,-3.46,-11.37,3.77,1.32,29103
10.09,12.61,2.11,-4.59,9.52,-1.25,-21.81,-0.39,-1.08,29137
-10.61,1.46,5.28,-4.19,7.56,-0.81,-31.96,-6.27,-7.35,29171
17.24,13.47,37.00,-2.50,0.37,-1.34,-33.43,-9.60,-8.77,29206
-39.20,24.32,-38.84,-1.89,5.33,-1.06,-37.08,-11.15,-12.57,29240
6.36,8.71,-3.59,-0.68,-0.18,-2.12,-35.93,-14.60,-11.74,29274
-11.00,8.25,-10.23,-0.69,0.81,-0.61,-36.31,-17.11,-11.44,29308
-15.59,8.51,5.59,-1.70,0.67,-0.94,-36.70,-19.31,-11.97,29342
-3.24,0.90,-12.52,-1.81,-0.05,-1.24,-36.28,-21.67,-12.74,29376
-1.92,7.38,-5.91,0.12,-0.74,0.47,-36.38,-21.84,-11.75,29411
-0.30,17.50,0.75,-0.71,-0.74,1.57,-36.06,-19.86,-9.62,29445
2.38,22.53,4.22,-1.47,-1.56,2.73,-35.49,-17.57,-8.84,29479
1.26,17.78,3.48,-0.96,-4.31,5.49,-33.00,-12.73,-3.08,29513
-9.78,1.30,-15.09,-0.62,-4.98,5.92,-24.96,-8.58,1.34,29547
1.48,-5.10,-20.53,1.74,-5.33,2.78,-17.58,-6.33,4.55,29582
-8.23,-0.69,-7.60,1.96,-2.13,2.18,-12.00,-3.13,4.78,29616
-27.66,-5.91,-9.55,4.11,-4.93,0.62,-8.78,0.96,2.89,29650
-8.61,3.99,8.75,3.66,-5.36,-1.47,-2.51,5.47,1.18,29684
32.13,39.16,-39.16,-0.25,-0.75,-3.01,-3.84,7.02,0.50,29718
38.90,24.02,12.30,-1.01,-0.81,-5.16,-9.51,5.36,0.95,29752
-12.87,8.61,-4.61,0.34,0.07,-2.45,-11.25,4.63,0.80,29787
-7.65,10.12,3.54,0.10,-0.74,-1.07,-10.51,4.36,0.76,29821
-5.61,10.17,-3.37,0.52,-1.41,-0.46,-10.06,4.59,0.47,29855
-8.48,7.99,-5.02,0.15,-1.26,0.61,-7.89,5.31,0.96,29889
-11.55,6.17,-7.81,-0.80,-1.23,1.42,-5.79,5.71,2.29,29923
-11.16,11.41,-6.19,-1.46,-1.11,1.88,-3.84,5.13,2.28,29958
3.73,25.52,-19.47,-2.40,-1.25,1.33,0.19,1.74,4.05,29992
4.21,3.95,-14.88,-1.50,-1.07,-3.36,0.42,0.32,4.97,30026
18.35,1.97,-2.93,-1.59,6.72,-4.97,-9.34,-0.98,5.61,30060
13.83,6.85,1.01,-2.20,7.37,-0.40,-17.68,-3.51,3.81,30094
14.21,14.18,3.65,-3.05,10.05,-1.33,-27.33,-6.87,-2.76,30128
-8.63,0.87,-6.79,-4.00,8.45,-0.72,-37.58,-11.18,-12.32,30163
-16.57,5.81,1.93,-2.43,-0.77,-0.39,-39.61,-13.83,-15.05,30197
-0.49,37.35,-29.00,-1.48,4.25,-0.24,-41.14,-13.90,-18.31,30231
6.98,14.82,0.94,0.28,-0.84,-2.02,-40.76,-17.22,-18.47,30265
-3.74,13.79,-13.00,-0.66,1.16,0.29,-41.00,-17.17,-18.62,30299
-3.99,13.80,0.07,-1.26,1.11,0.79,-40.57,-16.76,-20.34,30333
-11.95,8.11,-5.75,-1.89,1.46,0.04,-40.54,-16.90,-21.22,30368
-11.87,2.96,-9.91,-1.31,0.67,0.15,-40.38,-17.89,-22.68,30402
-7.59,3.03,-8.78,-0.70,-0.09,-0.20,-39.59,-18.59,-22.39,30436
-2.97,11.42,-6.53,-0.20,-0.41,-0.21,-39.45,-19.12,-22.36,30470
-0.13,11.86,-3.18,-0.36,-0.70,-0.11,-38.94,-20.39,-21.57,30504
-0.16,11.44,-2.11,-0.61,-0.01,0.17,-38.70,-21.21,-21.05,30539
1.62,11.09,0.74,-1.34,1.04,0.24,-38.57,-21.72,-21.85,30573
-3.23,7.48,-2.89,-1.88,1.81,0.22,-39.21,-22.71,-25.07,30607
-1.45,8.66,-6.65,-2.06,2.94,-0.10,-39.96,-23.30,-28.52,30641
-0.95,5.92,-12.68,-1.76,3.06,-0.39,-40.51,-24.31,-32.55,30675
0.28,6.95,-11.50,-1.65,3.00,-0.46,-40.49,-25.04,-38.59,30709
-2.14,5.93,-11.34,-1.28,3.30,-1.21,-39.77,-25.94,-42.79,30744
-2.63,8.09,-6.92,-0.88,2.94,-1.55,-37.56,-28.31,-46.51,30778
-1.19,9.86,-4.41,-0.67,2.73,-1.40,-35.97,-30.15,-49.91,30812
-3.96,8.03,-4.30,-0.25,2.43,-0.94,-33.65,-31.15,-53.03,30846
-2.15,8.99,-2.65,-0.27,1.15,0.01,-32.13,-31.83,-53.86,30880
-2.41,8.65,-3.82,0.43,1.00,0.34,-31.95,-31.98,-54.08,30915
-3.86,12.64,0.03,1.01,-0.94,1.66,-32.83,-31.98,-52.98,30949
-1.20,8.23,1.88,1.17,-1.18,1.18,-34.04,-31.32,-52.19,30983
-4.85,10.27,-2.20,0.86,-0.59,1.02,-34.84,-31.07,-50.85,31017
-2.20,9.85,-7.23,0.31,0.58,1.05,-35.68,-30.28,-50.04,31051
-2.19,10.40,-4.57,-0.45,1.33,0.84,-35.55,-28.81,-50.88,31085
3.01,8.20,-7.50,-0.65,2.99,0.41,-34.98,-27.93,-53.96,31120
-0.82,6.75,-8.32,-0.71,4.73,0.30,-31.96,-27.26,-58.45,31154
1.47,9.62,-5.22,-0.71,4.55,1.33,-28.75,-25.42,-62.44,31188
2.97,6.92,-19.71,-1.02,3.98,3.46,-24.48,-21.13,-66.54,31222
-12.07,11.06,-14.83,1.19,2.17,2.76,-21.67,-20.14,-67.73,31256
-6.34,10.64,-10.80,1.93,0.82,0.72,-20.97,-21.67,-68.88,31291
-7.10,9.82,-3.69,0.99,0.84,-0.93,-19.76,-23.24,-68.68,31325
-8.10,7.06,-4.33,0.78,1.17,-1.71,-18.94,-25.14,-69.25,31359
-7.75,6.56,-3.11,0.80,0.70,-2.12,-16.82,-27.07,-69.29,31393
-7.57,6.28,-1.99,0.69,0.57,-2.34,-15.70,-29.87,-69.07,31427
-7.96,6.00,-1.90,0.23,0.74,-2.69,-13.64,-31.63,-69.06,31461
-7.86,6.42,-2.65,-0.54,1.44,-3.43,-10.82,-32.53,-69.66,31496
-8.54,4.34,-2.38,-0.98,1.44,-3.86,-7.56,-32.67,-70.43,31530
-15.04,1.45,2.04,-0.74,1.33,-3.66,-3.81,-31.54,-70.45,31564
39.16,39.16,-6.42,-1.89,0.46,-4.47,0.82,-30.28,-70.52,31598
-0.48,3.89,-10.94,0.74,2.33,-4.73,6.37,-30.08,-70.49,31632
14.38,15.00,6.95,0.51,1.91,-2.65,9.06,-29.54,-68.97,31666
-5.43,12.53,-3.67,0.08,2.54,-1.76,14.15,-28.37,-67.54,31701
-4.14,14.99,3.11,-0.18,2.72,-1.91,17.22,-27.29,-65.93,31735
-6.06,8.24,-0.04,-1.41,3.67,-2.42,21.67,-24.09,-63.68,31769
-8.39,6.51,-7.70,-1.17,3.57,-2.40,25.46,-21.03,-60.73,31803
-8.23,8.58,1.78,-1.31,3.80,-2.49,28.56,-17.54,-58.36,31837
-11.01,10.30,-0.93,-1.83,4.70,-3.38,31.70,-11.93,-51.55,31872
-5.97,10.18,-2.29,-2.34,5.39,-3.99,33.12,-5.85,-45.64,31906
-14.47,8.02,-0.35,-2.41,5.57,-4.60,32.56,0.64,-36.93,31940
-24.01,14.29,-2.69,-2.49,7.32,-5.94,28.35,7.50,-28.12,31974
7.11,25.53,4.31,-1.31,2.92,-4.12,23.36,11.52,-24.09,32008
-9.90,10.80,1.38,-2.35,5.08,-4.66,15.02,14.78,-16.33,32042
-5.63,17.28,4.46,-2.44,5.92,-4.80,7.06,15.65,-12.15,32077
-4.10,15.46,1.69,-2.85,5.93,-5.38,-2.73,14.54,-7.26,32111
2.01,13.06,0.27,-2.60,4.81,-4.51,-13.18,11.81,-6.34,32145
7.65,15.18,-1.39,-3.09,4.63,-4.20,-20.42,7.50,-5.86,32179
4.18,14.52,-0.67,-3.90,5.18,-3.71,-27.61,1.01,-7.23,32213
-3.06,12.67,1.49,-4.46,5.35,-4.54,-34.99,-5.89,-11.01,32248
-12.70,-3.16,-9.34,-3.63,4.62,-4.53,-38.98,-13.17,-15.43,32282
3.22,0.45,-6.83,-1.39,-0.38,0.17,-39.52,-15.86,-14.31,32316
-13.20,20.54,2.51,-0.75,0.55,0.66,-39.04,-15.49,-14.79,32350
-6.85,3.98,-0.69,-0.78,1.06,-1.13,-39.70,-16.19,-15.71,32384
-10.46,5.75,-2.31,-0.52,0.92,-0.96,-40.38,-18.49,-17.48,32418
-2.83,7.68,-3.64,-0.63,0.31,-0.66,-40.57,-19.19,-17.54,32453
-3.38,9.71,-2.20,-0.35,0.50,-0.70,-40.94,-21.24,-18.71,32487
-2.40,9.30,-3.02,-0.48,0.22,-0.65,-40.30,-21.85,-19.51,32521
-2.86,10.05,-3.14,-0.41,0.19,-0.68,-40.05,-22.86,-18.99,32555
-1.50,13.98,2.12,-0.68,0.22,-0.94,-40.11,-24.58,-18.74,32589
1.06,6.62,-5.42,-0.52,-0.29,-0.89,-39.83,-26.86,-20.02,32624
0.16,10.36,-2.77,-0.28,-0.56,-0.44,-39.37,-27.73,-18.66,32658
-4.43,8.37,-3.42,-0.60,-0.35,-0.49,-38.86,-28.19,-18.15,32692
-4.43,8.21,-3.09,-0.36,-0.52,0.07,-38.45,-28.31,-17.38,32726
-6.31,8.64,-0.70,-0.36,-0.50,0.25,-38.44,-28.78,-16.16,32760
-6.15,8.70,-1.86,-0.73,-0.29,0.11,-37.96,-28.85,-15.33,32794
-5.29,9.72,-3.23,-0.76,-0.51,0.07,-37.84,-28.82,-15.57,32829
-4.13,11.17,-8.17,-0.93,-1.47,-0.33,-36.10,-30.12,-13.46,32863
-3.37,17.37,-12.23,-0.68,-1.48,-0.86,-34.96,-31.41,-11.06,32897
-9.81,15.05,-6.61,-0.52,-1.95,-1.61,-33.22,-33.34,-8.71,32931
-14.45,-0.88,-15.21,-0.60,-0.88,-3.36,-29.74,-36.28,-8.16,32965
-1.74,10.48,0.62,-0.39,0.79,-3.43,-27.67,-38.66,-7.95,33000
-0.31,6.75,-0.75,-1.20,3.03,-3.10,-26.88,-41.74,-11.12,33034
-2.65,2.60,-0.69,-0.91,3.66,-2.27,-27.35,-44.53,-14.73,33068
-3.59,4.65,1.32,-0.90,3.89,-1.54,-27.49,-46.84,-18.08,33102
-6.21,3.69,1.65,-0.92,3.72,-0.30,-29.03,-47.38,-22.45,33136
-7.36,4.20,2.42,-0.48,2.35,1.02,-30.53,-47.75,-25.18,33170
-6.49,5.87,2.78,-0.03,1.55,1.82,-32.42,-45.94,-27.10,33205
-6.48,8.00,1.11,0.32,1.19,2.50,-34.32,-43.93,-28.38,33239
-8.14,7.34,-0.98,0.35,0.75,2.91,-36.01,-40.53,-29.49,33273
-9.92,7.61,-0.91,0.81,-0.16,3.17,-38.67,-36.23,-28.14,33307
-8.65,8.85,-0.51,1.23,-1.61,3.23,-40.06,-32.11,-25.29,33341
-12.30,11.02,-3.98,0.80,-1.95,2.36,-40.65,-28.95,-22.26,33375
-8.81,11.17,2.53,0.00,-1.95,1.64,-41.51,-25.99,-19.99,33410
-4.97,9.04,0.62,-0.77,-0.73,0.77,-40.69,-24.69,-18.47,33444
-5.52,8.84,0.92,-1.45,0.65,0.10,-40.87,-25.11,-19.25,33478
-5.57,10.45,-5.73,-2.03,1.70,-0.94,-41.55,-26.40,-21.56,33512
-2.42,3.38,-4.59,-1.23,1.46,-0.90,-41.86,-27.71,-24.47,33546
-0.10,9.97,-1.32,-0.94,1.44,0.03,-41.84,-28.19,-26.43,33581
-3.61,13.40,-5.91,-1.42,1.70,-0.30,-41.74,-28.28,-29.17,33615
-2.28,6.04,-7.55,-1.47,1.53,-0.21,-41.35,-28.31,-31.53,33649
-12.20,-4.70,-12.33,-2.06,2.54,-0.60,-40.69,-28.79,-35.22,33683
-18.98,3.12,-10.81,-0.21,1.29,-0.49,-39.83,-29.77,-36.90,33717
-11.52,15.74,6.33,-0.14,0.19,-0.38,-39.35,-30.06,-37.65,33751
9.95,31.19,5.37,-1.08,1.16,-0.50,-39.55,-30.97,-38.23,33786
27.26,30.97,-10.66,-4.24,2.91,-1.68,-38.02,-31.60,-42.55,33820
13.85,16.69,-11.27,-4.74,4.03,-3.22,-35.33,-32.89,-49.12,33854
-9.72,-15.29,-12.49,-3.05,3.08,0.18,-31.69,-31.99,-53.73,33888
22.47,15.03,-5.48,-1.77,1.69,4.38,-33.48,-27.13,-54.82,33922
-8.18,3.55,-14.01,-3.35,9.10,1.87,-27.77,-23.00,-62.54,33957
-37.82,1.98,-22.52,-1.97,2.42,0.85,-22.80,-20.99,-65.80,33991
-18.22,-0.39,-9.98,-0.94,4.50,-0.89,-18.25,-20.75,-67.95,34025
-7.27,32.59,-27.72,0.81,3.03,-0.30,-15.01,-20.96,-69.38,34059
0.09,10.36,1.43,0.16,1.60,-0.67,-13.29,-23.97,-70.17,34093
-13.43,10.02,0.00,-0.94,2.53,0.58,-10.35,-22.45,-70.72,34127
-10.62,1.19,-6.68,-1.34,3.80,-0.68,-5.50,-20.97,-71.41,34162
-14.77,1.53,-7.33,-1.10,4.55,-0.33,0.99,-19.70,-71.44,34196
-11.19,6.02,-3.40,-0.85,4.60,-1.62,6.05,-18.15,-70.68,34230
1.37,22.79,4.48,-2.40,7.83,-4.58,12.93,-15.10,-67.87,34264
-0.73,1.90,-8.98,-4.80,8.56,-7.63,22.07,-4.24,-57.40,34298
-10.38,5.52,18.95,-3.80,7.84,-4.19,24.69,2.53,-48.83,34333
-17.88,11.58,-18.23,-0.90,3.83,-0.76,25.50,5.67,-43.44,34367
-5.34,1.24,11.79,-0.64,2.54,-2.10,25.68,6.21,-40.65,34401
0.25,14.49,-14.80,-2.42,4.07,0.12,25.97,8.10,-33.92,34435
2.10,1.67,0.19,-2.43,2.03,-0.99,24.67,9.06,-27.30,34469
-13.44,-0.17,-4.08,-3.64,4.82,-2.14,22.13,9.63,-20.83,34503
0.69,11.88,-5.08,-1.12,1.53,-0.35,20.52,10.04,-18.40,34538
3.90,11.01,-5.79,-0.43,0.51,-0.27,19.16,9.98,-16.95,34572
-1.24,9.68,-5.31,-0.30,0.49,-0.57,17.76,10.39,-16.12,34606
-0.53,7.56,-6.29,-0.60,0.34,-0.79,16.66,11.25,-15.21,34640
-2.21,7.55,-1.41,-1.07,0.63,-0.90,15.54,11.09,-14.22,34674
-2.50,5.90,-3.87,-0.96,0.50,-0.63,14.76,11.06,-13.36,34708
-6.36,7.21,-0.11,-0.59,0.10,-0.11,14.10,10.82,-12.39,34743
-8.05,3.91,-0.57,-0.43,0.03,-0.20,13.90,10.70,-12.28,34777
-9.95,3.92,-2.98,0.17,-0.65,-0.01,14.37,10.74,-14.26,34811
-10.22,6.43,-4.66,0.79,-1.31,0.37,15.40,10.74,-14.78,34845
-5.08,9.61,-6.04,1.12,-2.45,1.16,17.29,10.93,-17.85,34879
4.62,15.42,-7.35,1.57,-3.76,2.85,21.22,9.53,-22.46,34914
-2.39,17.16,-7.81,0.35,-2.49,3.94,24.89,6.04,-25.77,34948
7.87,10.50,-21.58,1.78,-5.67,5.36,29.16,0.82,-32.65,34982
-24.17,-8.77,-27.76,4.15,-8.01,3.11,29.44,-5.31,-45.16,35016
-6.42,0.29,-9.49,5.34,-5.73,-1.26,24.47,-9.43,-55.32,35050
-5.24,2.08,2.80,3.98,-2.47,-2.29,21.08,-12.42,-59.16,35084
11.60,12.81,7.13,2.35,-0.41,-1.48,19.98,-14.13,-60.80,35119
7.20,16.01,9.54,-0.38,4.60,-2.39,22.83,-13.55,-57.23,35153
-4.45,14.54,9.82,-2.37,5.88,-4.36,27.48,-8.48,-49.93,35187
-32.79,15.01,-30.16,-0.52,5.40,-4.69,27.68,-2.92,-43.09,35221
3.18,10.34,5.83,-0.21,1.99,-3.79,25.94,1.52,-40.94,35255
-6.49,17.49,3.87,-1.81,4.22,-3.81,23.02,5.88,-34.92,35290
-8.63,15.03,1.20,-3.36,4.51,-5.35,18.05,9.65,-28.79,35324
-3.90,9.31,1.13,-3.63,4.42,-4.19,10.84,11.05,-21.18,35358
-8.53,21.13,-1.83,-2.82,3.23,-3.85,5.86,10.92,-17.13,35392
-2.77,4.30,3.26,-3.89,4.01,-4.60,-0.79,9.68,-13.20,35426
-5.70,18.31,-8.13,-2.99,3.02,-2.11,-5.10,6.68,-9.91,35460
0.52,2.80,4.80,-3.55,2.90,-3.23,-9.68,3.70,-8.37,35495
-0.58,7.83,-5.40,-2.40,1.67,-0.40,-12.29,1.48,-6.65,35529
-6.06,2.96,-3.57,-1.68,0.95,-0.88,-14.48,-0.64,-6.55,35563
-5.96,8.48,-4.11,-1.91,1.55,-0.67,-15.67,-2.22,-5.77,35597
-4.16,8.46,-3.79,-1.70,1.35,-0.35,-16.90,-3.70,-4.87,35631
-2.83,9.05,-2.55,-1.71,1.92,-0.72,-18.63,-5.70,-5.33,35666
0.14,8.53,-4.20,-1.89,1.87,-0.99,-20.23,-7.92,-6.36,35700
-1.14,8.34,-5.54,-1.62,1.64,-0.88,-22.26,-9.92,-6.71,35734
-3.05,6.20,-4.93,-1.11,0.59,-0.44,-23.19,-11.47,-6.18,35768
-3.89,7.99,-2.91,-0.38,-0.27,-0.02,-22.41,-11.59,-5.45,35802
-3.40,8.34,-4.03,-0.37,-0.24,-0.49,-22.23,-12.28,-4.98,35836
-1.96,7.18,-5.07,-0.49,0.01,-0.78,-21.89,-12.67,-4.74,35871
-4.16,6.64,-3.99,-0.43,0.07,-0.84,-21.47,-14.53,-5.38,35905
